{
    "loss": 1.5349035263061523,
    "accuracy": 0.8103448152542114
}